{"_timestamp":1.7445468728849978e+09,"_runtime":232.377172222,"_step":14,"train_loss":1.1516134135921796,"lr":0.009999999999999933,"epoch":1,"_wandb":{"runtime":238},"iteration":300}