{"_runtime":143.677897332,"_step":180,"_wandb":{"runtime":143},"train_loss":1.1267289376921124,"lr":0.010000000000000007,"_timestamp":1.74454702971712e+09}