{"_step":100,"train_loss":1.172812462449074,"lr":0.010000000000000007,"_wandb":{"runtime":87},"_timestamp":1.7445477030233877e+09,"_runtime":87.639534477}