{"_runtime":301.83299982,"_step":387,"train_loss":1.1621332408226643,"lr":0.0099999999999999,"_wandb":{"runtime":302},"epoch":1,"_timestamp":1.744546515804853e+09}