{"_runtime":8.038076211,"_step":150,"train_loss":1.4576046466827393,"lr":0.01,"_wandb":{"runtime":8},"_timestamp":1.7445473322320306e+09}