{"epoch":1,"_wandb":{"runtime":21},"_timestamp":1.7445459753606756e+09,"_runtime":20.49758843,"_step":25,"train_loss":1.2290861789996808,"lr":0.010000000000000002}