{"train_loss":1.0505441690866764,"lr":0.010000000000000005,"epoch":2,"_timestamp":1.7445461503035414e+09,"_runtime":146.855294479,"_wandb":{"runtime":147},"_step":196}