{"lr":0.010000000000000004,"_timestamp":1.744547601997154e+09,"_runtime":235.654707481,"_step":320,"_wandb":{"runtime":235},"train_loss":1.0545007785161336}