{"lr":0.01,"epoch":1,"iteration":120,"_timestamp":1.744546621466657e+09,"_wandb":{"runtime":108},"_runtime":97.310413183,"_step":5,"train_loss":0.8706993460655212}