{"lr":0.010000000000000007,"_timestamp":1.7445471397151165e+09,"_runtime":144.666820152,"_step":140,"_wandb":{"runtime":144},"train_loss":1.0333603292703628}